{
    "name": "root",
    "metadata": {
        "timer_format_version": "0.1.0",
        "start_time_seconds": "1638403856",
        "python_version": "3.9.0 (tags/v3.9.0:9cf6752, Oct  5 2020, 15:34:40) [MSC v.1927 64 bit (AMD64)]",
        "command_line_arguments": "A:\\Unity\\Projets\\LIF Projet\\venv\\Scripts\\mlagents-learn config/Snake.yaml --run-id=SnakeTest11",
        "mlagents_version": "0.27.0",
        "mlagents_envs_version": "0.27.0",
        "communication_protocol_version": "1.5.0",
        "pytorch_version": "1.9.0+cu111",
        "numpy_version": "1.21.2",
        "end_time_seconds": "1638403872"
    },
    "total": 15.695847599999999,
    "count": 1,
    "self": 0.0044883999999978386,
    "children": {
        "run_training.setup": {
            "total": 0.10241790000000006,
            "count": 1,
            "self": 0.10241790000000006
        },
        "TrainerController.start_learning": {
            "total": 15.5889413,
            "count": 1,
            "self": 0.0005074000000035994,
            "children": {
                "TrainerController._reset_env": {
                    "total": 9.855445,
                    "count": 1,
                    "self": 9.855445
                },
                "TrainerController.advance": {
                    "total": 5.013294799999999,
                    "count": 1,
                    "self": 1.7299999999664806e-05,
                    "children": {
                        "env_step": {
                            "total": 5.013277499999999,
                            "count": 1,
                            "self": 5.0132715,
                            "children": {
                                "SubprocessEnvManager._take_step": {
                                    "total": 5.999999999062311e-06,
                                    "count": 1,
                                    "self": 5.999999999062311e-06
                                }
                            }
                        }
                    }
                },
                "trainer_threads": {
                    "total": 7.999999986907369e-07,
                    "count": 1,
                    "self": 7.999999986907369e-07
                },
                "TrainerController._save_models": {
                    "total": 0.7196932999999994,
                    "count": 1,
                    "self": 0.00841970000000103,
                    "children": {
                        "RLTrainer._checkpoint": {
                            "total": 0.7112735999999984,
                            "count": 1,
                            "self": 0.7112735999999984
                        }
                    }
                }
            }
        }
    }
}