{"cameraMode":{"drawMode":0,"name":"Shaded","section":"Shading Mode"},"sceneLighting":false,"audioPlay":false,"sceneViewState":{"m_AlwaysRefresh":false,"showFog":true,"showSkybox":false,"showFlares":true,"showImageEffects":true,"showParticleSystems":true,"showVisualEffectGraphs":true,"m_FxEnabled":true},"in2DMode":false,"pivot":{"x":0.5648165345191956,"y":1.2543785572052003,"z":-1.5051662921905518},"rotation":{"x":0.10780616104602814,"y":-0.7287125587463379,"z":0.1179732084274292,"w":0.6659122705459595},"size":2.9111032485961916,"orthographic":false}