{
    "name": "root",
    "metadata": {
        "timer_format_version": "0.1.0",
        "start_time_seconds": "1638402758",
        "python_version": "3.9.0 (tags/v3.9.0:9cf6752, Oct  5 2020, 15:34:40) [MSC v.1927 64 bit (AMD64)]",
        "command_line_arguments": "A:\\Unity\\Projets\\LIF Projet\\venv\\Scripts\\mlagents-learn config/Snake.yaml --run-id=SnakeTest6",
        "mlagents_version": "0.27.0",
        "mlagents_envs_version": "0.27.0",
        "communication_protocol_version": "1.5.0",
        "pytorch_version": "1.9.0+cu111",
        "numpy_version": "1.21.2",
        "end_time_seconds": "1638402820"
    },
    "total": 62.1874205,
    "count": 1,
    "self": 0.004497200000002977,
    "children": {
        "run_training.setup": {
            "total": 0.09950729999999997,
            "count": 1,
            "self": 0.09950729999999997
        },
        "TrainerController.start_learning": {
            "total": 62.083416,
            "count": 1,
            "self": 0.0004770000000036134,
            "children": {
                "TrainerController._reset_env": {
                    "total": 21.368280499999997,
                    "count": 1,
                    "self": 21.368280499999997
                },
                "TrainerController.advance": {
                    "total": 35.391204,
                    "count": 1,
                    "self": 1.749999999844931e-05,
                    "children": {
                        "env_step": {
                            "total": 35.3911865,
                            "count": 1,
                            "self": 35.391177400000004,
                            "children": {
                                "SubprocessEnvManager._take_step": {
                                    "total": 9.099999999762076e-06,
                                    "count": 1,
                                    "self": 9.099999999762076e-06
                                }
                            }
                        }
                    }
                },
                "trainer_threads": {
                    "total": 9.999999974752427e-07,
                    "count": 1,
                    "self": 9.999999974752427e-07
                },
                "TrainerController._save_models": {
                    "total": 5.323453499999999,
                    "count": 1,
                    "self": 0.032555600000002016,
                    "children": {
                        "RLTrainer._checkpoint": {
                            "total": 5.290897899999997,
                            "count": 1,
                            "self": 5.290897899999997
                        }
                    }
                }
            }
        }
    }
}