{"count":1,"self":3918.4084992,"total":8322.1550006,"children":{"InitializeActuators":{"count":4,"self":0.0015011,"total":0.0015011,"children":null},"InitializeSensors":{"count":4,"self":0.0010006,"total":0.0010006,"children":null},"AgentSendState":{"count":2726384,"self":16.5916288,"total":532.12987379999993,"children":{"CollectObservations":{"count":2181108,"self":31.469359999999998,"total":31.4693589,"children":null},"WriteActionMask":{"count":2181108,"self":2.0251656,"total":2.0251657,"children":null},"RequestDecision":{"count":2181108,"self":7.4761631999999993,"total":482.0437212,"children":{"AgentInfo.ToProto":{"count":2181108,"self":8.53852,"total":474.5675583,"children":{"GenerateSensorData":{"count":2181108,"self":466.02905599999997,"total":466.0290379,"children":null}}}}}}},"DecideAction":{"count":2726384,"self":3741.5002111999997,"total":3741.5002535999997,"children":null},"AgentAct":{"count":2726384,"self":128.68798719999998,"total":128.68898339999998,"children":{"AgentInfo.ToProto":{"count":3,"self":0,"total":0.0009998,"children":{"GenerateSensorData":{"count":3,"self":0.0009998,"total":0.0009998,"children":null}}}}},"AgentInfo.ToProto":{"count":5259,"self":0.047945499999999995,"total":1.4234719999999998,"children":{"GenerateSensorData":{"count":5259,"self":1.3755264999999999,"total":1.3755264999999999,"children":null}}}},"gauges":{"Crawler.CumulativeReward":{"count":5262,"max":901.9966,"min":-1.99829471,"runningAverage":16.6616611,"value":-0.999839246,"weightedAverage":8.471773}},"metadata":{"timer_format_version":"0.1.0","start_time_seconds":"1636728595","unity_version":"2021.1.20f1","command_line_arguments":"C:\\Program Files\\Unity\\Hub\\Editor\\2021.1.20f1\\Editor\\Unity.exe -projectpath C:\/Users\/xiang\/LIF Projet -useHub -hubIPC -cloudEnvironment production -hubSessionId 4ff8ed80-43b8-11ec-82b0-05599c42f2e9 -accessToken hXicGVmy5PFCcsq2eaEK94QJAKbUxoRwrkU4965Mf2Y012f","communication_protocol_version":"1.5.0","com.unity.ml-agents_version":"2.1.0-exp.1","scene_name":"crawler+2legs","end_time_seconds":"1636736917"}}