{"count":1,"self":1413.4802432,"total":1422.2878859999998,"children":{"InitializeActuators":{"count":16,"self":0.0010008999999999999,"total":0.0010008999999999999,"children":null},"InitializeSensors":{"count":16,"self":0.0020017999999999998,"total":0.0020017999999999998,"children":null},"AgentSendState":{"count":33996,"self":1.7319444,"total":2.2230801,"children":{"CollectObservations":{"count":108800,"self":0.1664948,"total":0.1664948,"children":null},"WriteActionMask":{"count":108800,"self":0.0777675,"total":0.0777675,"children":null},"RequestDecision":{"count":108800,"self":0.1658047,"total":0.2468734,"children":{"RayPerceptionSensor.Perceive":{"count":81600,"self":0.0810687,"total":0.0810687,"children":null}}}}},"DecideAction":{"count":33996,"self":3.7959128,"total":3.8238250999999996,"children":{"RayPerceptionSensor.Perceive":{"count":27200,"self":0.027912199999999998,"total":0.027912199999999998,"children":null}}},"AgentAct":{"count":33996,"self":2.7577773999999997,"total":2.7577773999999997,"children":null}},"gauges":{"Car.CumulativeReward":{"count":230,"max":3.62301564,"min":-0.965,"runningAverage":2.005027,"value":2.59000278,"weightedAverage":2.3911922}},"metadata":{"timer_format_version":"0.1.0","start_time_seconds":"1636010802","unity_version":"2021.1.21f1","command_line_arguments":"C:\\Program Files\\Unity\\Hub\\Editor\\2021.1.21f1\\Editor\\Unity.exe -projectpath C:\/Users\/apstv\/Documents\/UnityProjects\/LIF Projet -useHub -hubIPC -cloudEnvironment production -hubSessionId 270cbbf0-3d40-11ec-9877-49726ba1686d -accessToken zaYybf_l-I5qIWghgMpG-CiibhMGmYAZjXHBfTijkGs012f","communication_protocol_version":"1.5.0","com.unity.ml-agents_version":"2.1.0-exp.1","scene_name":"Snow","end_time_seconds":"1636012225"}}