{
    "name": "root",
    "metadata": {
        "timer_format_version": "0.1.0",
        "start_time_seconds": "1638403926",
        "python_version": "3.9.0 (tags/v3.9.0:9cf6752, Oct  5 2020, 15:34:40) [MSC v.1927 64 bit (AMD64)]",
        "command_line_arguments": "A:\\Unity\\Projets\\LIF Projet\\venv\\Scripts\\mlagents-learn config/Snake.yaml --run-id=SnakeTest12",
        "mlagents_version": "0.27.0",
        "mlagents_envs_version": "0.27.0",
        "communication_protocol_version": "1.5.0",
        "pytorch_version": "1.9.0+cu111",
        "numpy_version": "1.21.2",
        "end_time_seconds": "1638403940"
    },
    "total": 13.2902903,
    "count": 1,
    "self": 0.004686099999998916,
    "children": {
        "run_training.setup": {
            "total": 0.10210049999999993,
            "count": 1,
            "self": 0.10210049999999993
        },
        "TrainerController.start_learning": {
            "total": 13.183503700000001,
            "count": 1,
            "self": 0.00036680000000188784,
            "children": {
                "TrainerController._reset_env": {
                    "total": 8.653955499999999,
                    "count": 1,
                    "self": 8.653955499999999
                },
                "TrainerController.advance": {
                    "total": 3.777156700000001,
                    "count": 1,
                    "self": 4.709999999974457e-05,
                    "children": {
                        "env_step": {
                            "total": 3.777109600000001,
                            "count": 1,
                            "self": 3.7771038000000026,
                            "children": {
                                "SubprocessEnvManager._take_step": {
                                    "total": 5.799999998501448e-06,
                                    "count": 1,
                                    "self": 5.799999998501448e-06
                                }
                            }
                        }
                    }
                },
                "trainer_threads": {
                    "total": 1.4000000003733248e-06,
                    "count": 1,
                    "self": 1.4000000003733248e-06
                },
                "TrainerController._save_models": {
                    "total": 0.7520232999999994,
                    "count": 1,
                    "self": 0.009968900000000502,
                    "children": {
                        "RLTrainer._checkpoint": {
                            "total": 0.7420543999999989,
                            "count": 1,
                            "self": 0.7420543999999989
                        }
                    }
                }
            }
        }
    }
}