{
    "name": "root",
    "metadata": {
        "timer_format_version": "0.1.0",
        "start_time_seconds": "1638433281",
        "python_version": "3.9.0 (tags/v3.9.0:9cf6752, Oct  5 2020, 15:34:40) [MSC v.1927 64 bit (AMD64)]",
        "command_line_arguments": "A:\\Unity\\Projets\\LIF Projet\\venv\\Scripts\\mlagents-learn config/Snake.yaml --run-id=SnakeTest17",
        "mlagents_version": "0.27.0",
        "mlagents_envs_version": "0.27.0",
        "communication_protocol_version": "1.5.0",
        "pytorch_version": "1.9.0+cu111",
        "numpy_version": "1.21.2",
        "end_time_seconds": "1638433334"
    },
    "total": 53.0071728,
    "count": 1,
    "self": 0.0045446999999967375,
    "children": {
        "run_training.setup": {
            "total": 0.10233990000000004,
            "count": 1,
            "self": 0.10233990000000004
        },
        "TrainerController.start_learning": {
            "total": 52.900288200000006,
            "count": 1,
            "self": 0.0005998000000033699,
            "children": {
                "TrainerController._reset_env": {
                    "total": 15.311393800000001,
                    "count": 1,
                    "self": 15.311393800000001
                },
                "TrainerController.advance": {
                    "total": 36.8491516,
                    "count": 1,
                    "self": 2.0499999997980467e-05,
                    "children": {
                        "env_step": {
                            "total": 36.8491311,
                            "count": 1,
                            "self": 36.8491256,
                            "children": {
                                "SubprocessEnvManager._take_step": {
                                    "total": 5.50000000032469e-06,
                                    "count": 1,
                                    "self": 5.50000000032469e-06
                                }
                            }
                        }
                    }
                },
                "trainer_threads": {
                    "total": 7.000000010748408e-07,
                    "count": 1,
                    "self": 7.000000010748408e-07
                },
                "TrainerController._save_models": {
                    "total": 0.7391422999999975,
                    "count": 1,
                    "self": 0.00918190000000152,
                    "children": {
                        "RLTrainer._checkpoint": {
                            "total": 0.729960399999996,
                            "count": 1,
                            "self": 0.729960399999996
                        }
                    }
                }
            }
        }
    }
}