{
    "name": "root",
    "metadata": {
        "timer_format_version": "0.1.0",
        "start_time_seconds": "1638446465",
        "python_version": "3.9.0 (tags/v3.9.0:9cf6752, Oct  5 2020, 15:34:40) [MSC v.1927 64 bit (AMD64)]",
        "command_line_arguments": "A:\\Unity\\Projets\\LIF Projet\\venv\\Scripts\\mlagents-learn config/RacingCarAgent.yaml --run-id=RacinCarAgentTest7",
        "mlagents_version": "0.27.0",
        "mlagents_envs_version": "0.27.0",
        "communication_protocol_version": "1.5.0",
        "pytorch_version": "1.9.0+cu111",
        "numpy_version": "1.21.2",
        "end_time_seconds": "1638446510"
    },
    "total": 44.8480636,
    "count": 1,
    "self": 0.0051488000000006195,
    "children": {
        "run_training.setup": {
            "total": 0.2461256999999999,
            "count": 1,
            "self": 0.2461256999999999
        },
        "TrainerController.start_learning": {
            "total": 44.5967891,
            "count": 1,
            "self": 0.06498610000001293,
            "children": {
                "TrainerController._reset_env": {
                    "total": 17.4383034,
                    "count": 1,
                    "self": 17.4383034
                },
                "TrainerController.advance": {
                    "total": 25.755078299999994,
                    "count": 2202,
                    "self": 0.02630999999992767,
                    "children": {
                        "env_step": {
                            "total": 25.728768300000066,
                            "count": 2202,
                            "self": 12.921394599999893,
                            "children": {
                                "SubprocessEnvManager._take_step": {
                                    "total": 12.782855000000225,
                                    "count": 2202,
                                    "self": 0.16790970000026562,
                                    "children": {
                                        "TorchPolicy.evaluate": {
                                            "total": 12.61494529999996,
                                            "count": 2194,
                                            "self": 2.7440214999999313,
                                            "children": {
                                                "TorchPolicy.sample_actions": {
                                                    "total": 9.870923800000028,
                                                    "count": 2194,
                                                    "self": 9.870923800000028
                                                }
                                            }
                                        }
                                    }
                                },
                                "workers": {
                                    "total": 0.024518699999948268,
                                    "count": 2201,
                                    "self": 0.0,
                                    "children": {
                                        "worker_root": {
                                            "total": 37.008356099999936,
                                            "count": 2201,
                                            "is_parallel": true,
                                            "self": 26.54103169999994,
                                            "children": {
                                                "steps_from_proto": {
                                                    "total": 0.028600400000000192,
                                                    "count": 1,
                                                    "is_parallel": true,
                                                    "self": 0.0011252999999999957,
                                                    "children": {
                                                        "_process_rank_one_or_two_observation": {
                                                            "total": 0.027475100000000197,
                                                            "count": 6,
                                                            "is_parallel": true,
                                                            "self": 0.027475100000000197
                                                        }
                                                    }
                                                },
                                                "UnityEnvironment.step": {
                                                    "total": 10.438723999999997,
                                                    "count": 2201,
                                                    "is_parallel": true,
                                                    "self": 0.26462049999998527,
                                                    "children": {
                                                        "UnityEnvironment._generate_step_input": {
                                                            "total": 0.2904616999999554,
                                                            "count": 2201,
                                                            "is_parallel": true,
                                                            "self": 0.2904616999999554
                                                        },
                                                        "communicator.exchange": {
                                                            "total": 8.959903100000034,
                                                            "count": 2201,
                                                            "is_parallel": true,
                                                            "self": 8.959903100000034
                                                        },
                                                        "steps_from_proto": {
                                                            "total": 0.9237387000000226,
                                                            "count": 2201,
                                                            "is_parallel": true,
                                                            "self": 0.41013219999999606,
                                                            "children": {
                                                                "_process_rank_one_or_two_observation": {
                                                                    "total": 0.5136065000000265,
                                                                    "count": 13206,
                                                                    "is_parallel": true,
                                                                    "self": 0.5136065000000265
                                                                }
                                                            }
                                                        }
                                                    }
                                                }
                                            }
                                        }
                                    }
                                }
                            }
                        }
                    }
                },
                "trainer_threads": {
                    "total": 1.9699999995737016e-05,
                    "count": 1,
                    "self": 1.9699999995737016e-05,
                    "children": {
                        "thread_root": {
                            "total": 0.0,
                            "count": 0,
                            "is_parallel": true,
                            "self": 0.0,
                            "children": {
                                "trainer_advance": {
                                    "total": 25.7892917999999,