{"cameraMode":{"drawMode":0,"name":"Shaded","section":"Shading Mode"},"sceneLighting":true,"audioPlay":false,"sceneViewState":{"m_AlwaysRefresh":false,"showFog":true,"showSkybox":true,"showFlares":true,"showImageEffects":true,"showParticleSystems":true,"showVisualEffectGraphs":true,"m_FxEnabled":true},"in2DMode":false,"pivot":{"x":152.81063842773438,"y":4.051801681518555,"z":14.950850486755371},"rotation":{"x":0.17855504155158997,"y":-0.17315728962421418,"z":0.03193819150328636,"w":0.968051552772522},"size":15.01878833770752,"orthographic":false}