{
    "name": "root",
    "metadata": {
        "timer_format_version": "0.1.0",
        "start_time_seconds": "1638433384",
        "python_version": "3.9.0 (tags/v3.9.0:9cf6752, Oct  5 2020, 15:34:40) [MSC v.1927 64 bit (AMD64)]",
        "command_line_arguments": "A:\\Unity\\Projets\\LIF Projet\\venv\\Scripts\\mlagents-learn config/Snake.yaml --run-id=SnakeTest18",
        "mlagents_version": "0.27.0",
        "mlagents_envs_version": "0.27.0",
        "communication_protocol_version": "1.5.0",
        "pytorch_version": "1.9.0+cu111",
        "numpy_version": "1.21.2",
        "end_time_seconds": "1638433414"
    },
    "total": 30.2892389,
    "count": 1,
    "self": 0.004953800000002673,
    "children": {
        "run_training.setup": {
            "total": 0.09820380000000006,
            "count": 1,
            "self": 0.09820380000000006
        },
        "TrainerController.start_learning": {
            "total": 30.186081299999998,
            "count": 1,
            "self": 0.0005489000000018507,
            "children": {
                "TrainerController._reset_env": {
                    "total": 10.6547888,
                    "count": 1,
                    "self": 10.6547888
                },
                "TrainerController.advance": {
                    "total": 18.773580199999998,
                    "count": 1,
                    "self": 1.8900000000598993e-05,
                    "children": {
                        "env_step": {
                            "total": 18.773561299999997,
                            "count": 1,
                            "self": 18.773555699999996,
                            "children": {
                                "SubprocessEnvManager._take_step": {
                                    "total": 5.5999999997169425e-06,
                                    "count": 1,
                                    "self": 5.5999999997169425e-06
                                }
                            }
                        }
                    }
                },
                "trainer_threads": {
                    "total": 8.999999998593466e-07,
                    "count": 1,
                    "self": 8.999999998593466e-07
                },
                "TrainerController._save_models": {
                    "total": 0.7571624999999997,
                    "count": 1,
                    "self": 0.008355000000001667,
                    "children": {
                        "RLTrainer._checkpoint": {
                            "total": 0.7488074999999981,
                            "count": 1,
                            "self": 0.7488074999999981
                        }
                    }
                }
            }
        }
    }
}