{
    "name": "root",
    "metadata": {
        "timer_format_version": "0.1.0",
        "start_time_seconds": "1637840268",
        "python_version": "3.9.0 (tags/v3.9.0:9cf6752, Oct  5 2020, 15:34:40) [MSC v.1927 64 bit (AMD64)]",
        "command_line_arguments": "A:\\Unity\\Projets\\LIF Projet\\venv\\Scripts\\mlagents-learn config/Snake.yaml --run-id=SnakeTest2",
        "mlagents_version": "0.27.0",
        "mlagents_envs_version": "0.27.0",
        "communication_protocol_version": "1.5.0",
        "pytorch_version": "1.9.0+cu111",
        "numpy_version": "1.21.2",
        "end_time_seconds": "1637840355"
    },
    "total": 87.4641861,
    "count": 1,
    "self": 0.020323300000015365,
    "children": {
        "run_training.setup": {
            "total": 0.18714740000000063,
            "count": 1,
            "self": 0.18714740000000063
        },
        "TrainerController.start_learning": {
            "total": 87.25671539999999,
            "count": 1,
            "self": 0.0001746999999880927,
            "children": {
                "TrainerController._reset_env": {
                    "total": 20.917550900000002,
                    "count": 1,
                    "self": 20.917550900000002
                },
                "TrainerController.advance": {
                    "total": 60.104445999999996,
                    "count": 1,
                    "self": 1.8099999998355543e-05,
                    "children": {
                        "env_step": {
                            "total": 60.1044279,
                            "count": 1,
                            "self": 60.1044165,
                            "children": {
                                "SubprocessEnvManager._take_step": {
                                    "total": 1.1400000001771105e-05,
                                    "count": 1,
                                    "self": 1.1400000001771105e-05
                                }
                            }
                        }
                    }
                },
                "TrainerController._save_models": {
                    "total": 6.234543799999997,
                    "count": 1,
                    "self": 0.010004599999987818,
                    "children": {
                        "RLTrainer._checkpoint": {
                            "total": 6.2245392000000095,
                            "count": 1,
                            "self": 6.2245392000000095
                        }
                    }
                }
            }
        }
    }
}